Workbook

Sheet Paarvergleichsmatrix
A1: Nr | B1: Kriterium | C1: 1 | D1: 2 | E1: 3 | F1: 4 | G1: 5 | H1: 6 | I1: 7 | J1: 8 | K1: Wert | L1: Faktor
A2: 1 | B2: Wissen | D2: 2 | E2: 2 | F2: 2 | G2: 2 | H2: 2 | I2: 2 | J2: 2 | K2: =SUM(D2:J2) -> 14 | L2: =K2/$K$10 -> 0.24137931 | N2: Formel für Faktor: | P2: Wert / Summentotal = %
A3: 2 | B3: Arbeitsaufwand | C3: 0 | E3: 1 | F3: 0 | G3: 2 | H3: 2 | I3: 2 | J3: 2 | K3: =SUM(C3:J3) -> 9 | L3: =K3/$K$10 -> 0.15517241
A4: 3 | B4: Funktionalität | C4: 0 | D4: 1 | F4: 2 | G4: 2 | H4: 2 | I4: 2 | J4: 2 | K4: =SUM(C4:J4) -> 11 | L4: =K4/$K$10 -> 0.18965517
A5: 4 | B5: Sendungmöglichkeit | C5: 0 | D5: 2 | E5: 0 | G5: 0 | H5: 1 | I5: 0 | J5: 1 | K5: =SUM(C5:J5) -> 4 | L5: =K5/$K$10 -> 0.068965517 | N5: Beispiel: | P5: Wert Musterkriterium: 7
A6: 5 | B6: Gestaltung | C6: 0 | D6: 0 | E6: 0 | F6: 2 | H6: 2 | I6: 0 | J6: 2 | K6: =SUM(C6:J6) -> 6 | L6: =K6/$K$10 -> 0.10344828 | P6: Summe: 32
A7: 6 | B7: Erweiterbarkeit | C7: 0 | D7: 0 | E7: 0 | F7: 1 | G7: 2 | I7: 0 | J7: 1 | K7: =SUM(C7:J7) -> 4 | L7: =K7/$K$10 -> 0.068965517 | P7: Faktor = 7 / 32 = 0.3
A8: 7 | B8: Sicherheit | C8: 0 | D8: 0 | E8: 0 | F8: 2 | G8: 2 | H8: 2 | J8: 2 | K8: =SUM(C8:J8) -> 8 | L8: =K8/$K$10 -> 0.13793103
A9: 8 | B9: Integration zu Systemen | C9: 0 | D9: 0 | E9: 0 | F9: 1 | G9: 0 | H9: 1 | I9: 0 | K9: =SUM(C9:J9) -> 2 | L9: =K9/$K$10 -> 0.034482759
A10: Summe | K10: =SUM(K2:K9) -> 58 | L10: =SUM(L2:L9) -> 1

Sheet Nutzwertanalyse Vorlage 
B1: Nutzwertanalyse
B3: Projekt: | C3: M431 Notenverwaltung | H3: Datum: | J3: =TODAY() -> 45994
A5: Nr | B5: Kriterium | C5: Faktor | D5: HTML + CSS + JS | G5: Blazor | J5: MS Forms
D6: Bewertung | E6: Punkte | G6: Bewertung | H6: Punkte | J6: Bewertung | K6: Punkte
A7: 1 | B7: Wissen | C7: =Paarvergleichsmatrix!L2 -> 0.24137931 | D7: 4.5 | E7: =C7*D7 -> 1.0862069 | G7: 5 | H7: =C7*G7 -> 1.2068966 | J7: 5.5 | K7: =C7*J7 -> 1.3275862
A8: 2 | B8: Arbeitsaufwand | C8: =Paarvergleichsmatrix!L3 -> 0.15517241 | D8: 5 | E8: =C8*D8 -> 0.77586207 | G8: 4 | H8: =C8*G8 -> 0.62068966 | J8: 5.5 | K8: =C8*J8 -> 0.85344828
A9: 3 | B9: Funktionalität | C9: =Paarvergleichsmatrix!L4 -> 0.18965517 | D9: 5 | E9: =C9*D9 -> 0.94827586 | G9: 5.5 | H9: =C9*G9 -> 1.0431034 | J9: 3.5 | K9: =C9*J9 -> 0.6637931
A10: 4 | B10: Sendungsformat | C10: =Paarvergleichsmatrix!L5 -> 0.068965517 | D10: 4.5 | E10: =C10*D10 -> 0.31034483 | G10: 5 | H10: =C10*G10 -> 0.34482759 | J10: 5.5 | K10: =C10*J10 -> 0.37931034
A11: 5 | B11: Gestaltung | C11: =Paarvergleichsmatrix!L6 -> 0.10344828 | D11: 4 | E11: =C11*D11 -> 0.4137931 | G11: 5 | H11: =C11*G11 -> 0.51724138 | J11: 4 | K11: =C11*J11 -> 0.4137931
A12: 6 | B12: Erweiterbarkeit | C12: =Paarvergleichsmatrix!L7 -> 0.068965517 | D12: 4.5 | E12: =C12*D12 -> 0.31034483 | G12: 5.5 | H12: =C12*G12 -> 0.37931034 | J12: 4 | K12: =C12*J12 -> 0.27586207
A13: 7 | B13: Sicherheit | C13: =Paarvergleichsmatrix!L8 -> 0.13793103 | D13: 5 | E13: =C13*D13 -> 0.68965517 | G13: 6 | H13: =C13*G13 -> 0.82758621 | J13: 4.5 | K13: =C13*J13 -> 0.62068966
A14: 8 | B14: Integration zu Systemen | C14: =Paarvergleichsmatrix!L9 -> 0.034482759 | D14: 5.5 | E14: =C14*D14 -> 0.18965517 | G14: 5.5 | H14: =C14*G14 -> 0.18965517 | J14: 4 | K14: =C14*J14 -> 0.13793103
B17: Nutzwert | C17: =SUM(C7:C15) -> 1 | E17: =SUM(E7:E14) -> 4.7241379 | H17: =SUM(H7:H14) -> 5.1293103 | K17: =SUM(K7:K14) -> 4.6724138
